{
  "template": "https://github.com/blackary/cookiecutter-streamlit-component/",
  "commit": "c972054b7b0890a1aa1c02e792bedc71c525ea87",
  "checkout": null,
  "context": {
    "cookiecutter": {
      "author_name": "Nishant Jha",
      "author_email": "nishant@nitro.bio",
      "project_name": "Molecule3DPlot",
      "package_name": "molecule3dplot",
      "import_name": "molecule3dplot",
      "description": "Streamlit component for 3D Plotly plot w/ custom Molecule overlay",
      "deployment_via_github_actions": "y",
      "working_with_dataframes": "y",
      "open_source_license": "MIT license",
      "_template": "https://github.com/blackary/cookiecutter-streamlit-component/"
    }
  },
  "directory": null
}
