{
  "wells": 96,
  "colAnnotations": [
    {
      "cols": [0, 1, 2, 3],
      "label": "Patient 1",
      "id": "Patient 1",
      "color": "blue"
    },
    {
      "cols": [4, 5, 6, 7],
      "label": "Patient 2",
      "id": "Patient 2",
      "color": "green"
    },
    {
      "cols": [8, 9, 10, 11],
      "label": "Patient 3",
      "id": "Patient 3",
      "color": "fuchsia"
    }
  ],
  "rowAnnotations": [
    {
      "rows": [0, 1],
      "label": "Antibody 1 μmol/L",
      "id": "Antibody 1 μmol/L",
      "color": "cyan"
    },
    {
      "rows": [3, 4],
      "label": "Antibody 2 μmol/L",
      "id": "Row Annotation 1",
      "color": "yellow"
    },
    {
      "rows": [6, 7],
      "label": "Antibody 3 μmol/L",
      "id": "Row Annotation 2",
      "color": "red"
    }
  ],
  "wellAnnotations": [
    {
      "id": "Treatment 1",
      "label": "Treatment 1",
      "wells": [
        0, 12, 36, 48, 72, 84, 4, 16, 40, 52, 76, 88, 8, 20, 44, 56, 80, 92
      ],
      "color": "blue",
      "metadata": { "foo": "bar" }
    },
    {
      "id": "Treatment 2",
      "label": "Treatment 2",
      "wells": [
        1, 13, 37, 49, 73, 85, 5, 17, 41, 53, 77, 89, 9, 21, 45, 57, 81, 93
      ],
      "color": "red",
      "metadata": { "foo": "bar" }
    },
    {
      "id": "Postive Control",
      "label": "Postive Control",
      "wells": [
        2, 14, 38, 50, 74, 86, 6, 18, 42, 54, 78, 90, 10, 22, 46, 58, 82, 94
      ],
      "color": "green",
      "metadata": { "foo": "bar" }
    },
    {
      "id": "Negative Control",
      "label": "Negative Control",
      "wells": [
        3, 15, 39, 51, 75, 87, 7, 19, 43, 55, 79, 91, 11, 23, 47, 59, 83, 95
      ],
      "color": "fuchsia",
      "metadata": { "foo": "bar" }
    }
  ]
}
